algorithm,distribution,n,opt_level,trial,ns,checksum
insertion,random,8192,O2,0,13873000,2285960956133415945
insertion,random,8192,O2,1,13232000,2285960956133415945
insertion,random,8192,O2,2,12567000,2285960956133415945
insertion,random,8192,O2,3,13741000,2285960956133415945
insertion,random,8192,O2,4,11946000,2285960956133415945
insertion,random,8192,O2,5,10656000,2285960956133415945
insertion,random,8192,O2,6,13029000,2285960956133415945
insertion,sorted,8192,O2,0,9000,2285960956473982976
insertion,sorted,8192,O2,1,8000,2285960956473982976
insertion,sorted,8192,O2,2,9000,2285960956473982976
insertion,sorted,8192,O2,3,8000,2285960956473982976
insertion,sorted,8192,O2,4,9000,2285960956473982976
insertion,sorted,8192,O2,5,9000,2285960956473982976
insertion,sorted,8192,O2,6,9000,2285960956473982976
insertion,reverse,8192,O2,0,25351000,2285960956473982976
insertion,reverse,8192,O2,1,27531000,2285960956473982976
insertion,reverse,8192,O2,2,28721000,2285960956473982976
insertion,reverse,8192,O2,3,26029000,2285960956473982976
insertion,reverse,8192,O2,4,27008000,2285960956473982976
insertion,reverse,8192,O2,5,29494000,2285960956473982976
insertion,reverse,8192,O2,6,27448000,2285960956473982976
insertion,partial,8192,O2,0,1665000,2285960956473982976
insertion,partial,8192,O2,1,1632000,2285960956473982976
insertion,partial,8192,O2,2,1670000,2285960956473982976
insertion,partial,8192,O2,3,1644000,2285960956473982976
insertion,partial,8192,O2,4,2030000,2285960956473982976
insertion,partial,8192,O2,5,1578000,2285960956473982976
insertion,partial,8192,O2,6,1563000,2285960956473982976
insertion,dupes,8192,O2,0,10959000,2285960955745754404
insertion,dupes,8192,O2,1,10732000,2285960955745754404
insertion,dupes,8192,O2,2,10715000,2285960955745754404
insertion,dupes,8192,O2,3,10947000,2285960955745754404
insertion,dupes,8192,O2,4,11439000,2285960955745754404
insertion,dupes,8192,O2,5,11221000,2285960955745754404
insertion,dupes,8192,O2,6,9833000,2285960955745754404
branchy,random,8192,O2,0,456000,2285960956133415945
branchy,random,8192,O2,1,450000,2285960956133415945
branchy,random,8192,O2,2,466000,2285960956133415945
branchy,random,8192,O2,3,478000,2285960956133415945
branchy,random,8192,O2,4,495000,2285960956133415945
branchy,random,8192,O2,5,462000,2285960956133415945
branchy,random,8192,O2,6,467000,2285960956133415945
branchy,sorted,8192,O2,0,106000,2285960956473982976
branchy,sorted,8192,O2,1,102000,2285960956473982976
branchy,sorted,8192,O2,2,102000,2285960956473982976
branchy,sorted,8192,O2,3,102000,2285960956473982976
branchy,sorted,8192,O2,4,102000,2285960956473982976
branchy,sorted,8192,O2,5,102000,2285960956473982976
branchy,sorted,8192,O2,6,102000,2285960956473982976
branchy,reverse,8192,O2,0,220000,2285960956473982976
branchy,reverse,8192,O2,1,206000,2285960956473982976
branchy,reverse,8192,O2,2,206000,2285960956473982976
branchy,reverse,8192,O2,3,206000,2285960956473982976
branchy,reverse,8192,O2,4,206000,2285960956473982976
branchy,reverse,8192,O2,5,206000,2285960956473982976
branchy,reverse,8192,O2,6,205000,2285960956473982976
branchy,partial,8192,O2,0,311000,2285960956473982976
branchy,partial,8192,O2,1,263000,2285960956473982976
branchy,partial,8192,O2,2,477000,2285960956473982976
branchy,partial,8192,O2,3,284000,2285960956473982976
branchy,partial,8192,O2,4,261000,2285960956473982976
branchy,partial,8192,O2,5,250000,2285960956473982976
branchy,partial,8192,O2,6,246000,2285960956473982976
branchy,dupes,8192,O2,0,2367000,2285960955745754404
branchy,dupes,8192,O2,1,2101000,2285960955745754404
branchy,dupes,8192,O2,2,2095000,2285960955745754404
branchy,dupes,8192,O2,3,2094000,2285960955745754404
branchy,dupes,8192,O2,4,2091000,2285960955745754404
branchy,dupes,8192,O2,5,2090000,2285960955745754404
branchy,dupes,8192,O2,6,2089000,2285960955745754404
branchless,random,8192,O2,0,573000,2285960956133415945
branchless,random,8192,O2,1,561000,2285960956133415945
branchless,random,8192,O2,2,552000,2285960956133415945
branchless,random,8192,O2,3,545000,2285960956133415945
branchless,random,8192,O2,4,544000,2285960956133415945
branchless,random,8192,O2,5,542000,2285960956133415945
branchless,random,8192,O2,6,540000,2285960956133415945
branchless,sorted,8192,O2,0,716000,2285960956473982976
branchless,sorted,8192,O2,1,833000,2285960956473982976
branchless,sorted,8192,O2,2,835000,2285960956473982976
branchless,sorted,8192,O2,3,786000,2285960956473982976
branchless,sorted,8192,O2,4,787000,2285960956473982976
branchless,sorted,8192,O2,5,786000,2285960956473982976
branchless,sorted,8192,O2,6,785000,2285960956473982976
branchless,reverse,8192,O2,0,589000,2285960956473982976
branchless,reverse,8192,O2,1,585000,2285960956473982976
branchless,reverse,8192,O2,2,581000,2285960956473982976
branchless,reverse,8192,O2,3,583000,2285960956473982976
branchless,reverse,8192,O2,4,582000,2285960956473982976
branchless,reverse,8192,O2,5,580000,2285960956473982976
branchless,reverse,8192,O2,6,581000,2285960956473982976
branchless,partial,8192,O2,0,527000,2285960956473982976
branchless,partial,8192,O2,1,520000,2285960956473982976
branchless,partial,8192,O2,2,517000,2285960956473982976
branchless,partial,8192,O2,3,516000,2285960956473982976
branchless,partial,8192,O2,4,535000,2285960956473982976
branchless,partial,8192,O2,5,613000,2285960956473982976
branchless,partial,8192,O2,6,595000,2285960956473982976
branchless,dupes,8192,O2,0,12327000,2285960955745754404
branchless,dupes,8192,O2,1,12937000,2285960955745754404
branchless,dupes,8192,O2,2,12702000,2285960955745754404
branchless,dupes,8192,O2,3,13137000,2285960955745754404
branchless,dupes,8192,O2,4,14307000,2285960955745754404
branchless,dupes,8192,O2,5,13134000,2285960955745754404
branchless,dupes,8192,O2,6,12623000,2285960955745754404
stdlib,random,8192,O2,0,785000,2285960956133415945
stdlib,random,8192,O2,1,753000,2285960956133415945
stdlib,random,8192,O2,2,738000,2285960956133415945
stdlib,random,8192,O2,3,734000,2285960956133415945
stdlib,random,8192,O2,4,732000,2285960956133415945
stdlib,random,8192,O2,5,731000,2285960956133415945
stdlib,random,8192,O2,6,731000,2285960956133415945
stdlib,sorted,8192,O2,0,42000,2285960956473982976
stdlib,sorted,8192,O2,1,42000,2285960956473982976
stdlib,sorted,8192,O2,2,42000,2285960956473982976
stdlib,sorted,8192,O2,3,42000,2285960956473982976
stdlib,sorted,8192,O2,4,42000,2285960956473982976
stdlib,sorted,8192,O2,5,41000,2285960956473982976
stdlib,sorted,8192,O2,6,41000,2285960956473982976
stdlib,reverse,8192,O2,0,181000,2285960956473982976
stdlib,reverse,8192,O2,1,179000,2285960956473982976
stdlib,reverse,8192,O2,2,178000,2285960956473982976
stdlib,reverse,8192,O2,3,178000,2285960956473982976
stdlib,reverse,8192,O2,4,179000,2285960956473982976
stdlib,reverse,8192,O2,5,178000,2285960956473982976
stdlib,reverse,8192,O2,6,178000,2285960956473982976
stdlib,partial,8192,O2,0,255000,2285960956473982976
stdlib,partial,8192,O2,1,250000,2285960956473982976
stdlib,partial,8192,O2,2,248000,2285960956473982976
stdlib,partial,8192,O2,3,248000,2285960956473982976
stdlib,partial,8192,O2,4,246000,2285960956473982976
stdlib,partial,8192,O2,5,315000,2285960956473982976
stdlib,partial,8192,O2,6,253000,2285960956473982976
stdlib,dupes,8192,O2,0,174000,2285960955745754404
stdlib,dupes,8192,O2,1,169000,2285960955745754404
stdlib,dupes,8192,O2,2,163000,2285960955745754404
stdlib,dupes,8192,O2,3,178000,2285960955745754404
stdlib,dupes,8192,O2,4,160000,2285960955745754404
stdlib,dupes,8192,O2,5,159000,2285960955745754404
stdlib,dupes,8192,O2,6,158000,2285960955745754404
insertion,random,32768,O2,0,203894000,10232363359849621189
insertion,random,32768,O2,1,195877000,10232363359849621189
insertion,random,32768,O2,2,200153000,10232363359849621189
insertion,random,32768,O2,3,225345000,10232363359849621189
insertion,random,32768,O2,4,198656000,10232363359849621189
insertion,random,32768,O2,5,242052000,10232363359849621189
insertion,random,32768,O2,6,195669000,10232363359849621189
insertion,sorted,32768,O2,0,33000,10232363359773589504
insertion,sorted,32768,O2,1,32000,10232363359773589504
insertion,sorted,32768,O2,2,34000,10232363359773589504
insertion,sorted,32768,O2,3,34000,10232363359773589504
insertion,sorted,32768,O2,4,32000,10232363359773589504
insertion,sorted,32768,O2,5,32000,10232363359773589504
insertion,sorted,32768,O2,6,32000,10232363359773589504
insertion,reverse,32768,O2,0,407225000,10232363359773589504
insertion,reverse,32768,O2,1,419816000,10232363359773589504
insertion,reverse,32768,O2,2,396699000,10232363359773589504
insertion,reverse,32768,O2,3,444862000,10232363359773589504
insertion,reverse,32768,O2,4,413813000,10232363359773589504
insertion,reverse,32768,O2,5,403510000,10232363359773589504
insertion,reverse,32768,O2,6,394981000,10232363359773589504
insertion,partial,32768,O2,0,25726000,10232363359773589504
insertion,partial,32768,O2,1,26096000,10232363359773589504
insertion,partial,32768,O2,2,27400000,10232363359773589504
insertion,partial,32768,O2,3,25864000,10232363359773589504
insertion,partial,32768,O2,4,26602000,10232363359773589504
insertion,partial,32768,O2,5,27521000,10232363359773589504
insertion,partial,32768,O2,6,27140000,10232363359773589504
insertion,dupes,32768,O2,0,188101000,10232363362677546108
insertion,dupes,32768,O2,1,179973000,10232363362677546108
insertion,dupes,32768,O2,2,183534000,10232363362677546108
insertion,dupes,32768,O2,3,215260000,10232363362677546108
insertion,dupes,32768,O2,4,203347000,10232363362677546108
insertion,dupes,32768,O2,5,170557000,10232363362677546108
insertion,dupes,32768,O2,6,175050000,10232363362677546108
branchy,random,32768,O2,0,2367000,10232363359849621189
branchy,random,32768,O2,1,2524000,10232363359849621189
branchy,random,32768,O2,2,2785000,10232363359849621189
branchy,random,32768,O2,3,2465000,10232363359849621189
branchy,random,32768,O2,4,2986000,10232363359849621189
branchy,random,32768,O2,5,2565000,10232363359849621189
branchy,random,32768,O2,6,2265000,10232363359849621189
branchy,sorted,32768,O2,0,468000,10232363359773589504
branchy,sorted,32768,O2,1,475000,10232363359773589504
branchy,sorted,32768,O2,2,477000,10232363359773589504
branchy,sorted,32768,O2,3,471000,10232363359773589504
branchy,sorted,32768,O2,4,472000,10232363359773589504
branchy,sorted,32768,O2,5,567000,10232363359773589504
branchy,sorted,32768,O2,6,450000,10232363359773589504
branchy,reverse,32768,O2,0,971000,10232363359773589504
branchy,reverse,32768,O2,1,959000,10232363359773589504
branchy,reverse,32768,O2,2,1093000,10232363359773589504
branchy,reverse,32768,O2,3,961000,10232363359773589504
branchy,reverse,32768,O2,4,1040000,10232363359773589504
branchy,reverse,32768,O2,5,1039000,10232363359773589504
branchy,reverse,32768,O2,6,1249000,10232363359773589504
branchy,partial,32768,O2,0,1600000,10232363359773589504
branchy,partial,32768,O2,1,1370000,10232363359773589504
branchy,partial,32768,O2,2,1283000,10232363359773589504
branchy,partial,32768,O2,3,1393000,10232363359773589504
branchy,partial,32768,O2,4,1336000,10232363359773589504
branchy,partial,32768,O2,5,1325000,10232363359773589504
branchy,partial,32768,O2,6,1375000,10232363359773589504
branchy,dupes,32768,O2,0,29542000,10232363362677546108
branchy,dupes,32768,O2,1,29507000,10232363362677546108
branchy,dupes,32768,O2,2,27969000,10232363362677546108
branchy,dupes,32768,O2,3,28274000,10232363362677546108
branchy,dupes,32768,O2,4,28475000,10232363362677546108
branchy,dupes,32768,O2,5,29119000,10232363362677546108
branchy,dupes,32768,O2,6,28584000,10232363362677546108
branchless,random,32768,O2,0,2293000,10232363359849621189
branchless,random,32768,O2,1,2381000,10232363359849621189
branchless,random,32768,O2,2,2596000,10232363359849621189
branchless,random,32768,O2,3,2599000,10232363359849621189
branchless,random,32768,O2,4,2230000,10232363359849621189
branchless,random,32768,O2,5,2228000,10232363359849621189
branchless,random,32768,O2,6,2226000,10232363359849621189
branchless,sorted,32768,O2,0,3805000,10232363359773589504
branchless,sorted,32768,O2,1,3756000,10232363359773589504
branchless,sorted,32768,O2,2,3504000,10232363359773589504
branchless,sorted,32768,O2,3,3345000,10232363359773589504
branchless,sorted,32768,O2,4,3343000,10232363359773589504
branchless,sorted,32768,O2,5,3395000,10232363359773589504
branchless,sorted,32768,O2,6,3584000,10232363359773589504
branchless,reverse,32768,O2,0,3082000,10232363359773589504
branchless,reverse,32768,O2,1,3010000,10232363359773589504
branchless,reverse,32768,O2,2,2736000,10232363359773589504
branchless,reverse,32768,O2,3,2753000,10232363359773589504
branchless,reverse,32768,O2,4,2737000,10232363359773589504
branchless,reverse,32768,O2,5,2739000,10232363359773589504
branchless,reverse,32768,O2,6,2741000,10232363359773589504
branchless,partial,32768,O2,0,2412000,10232363359773589504
branchless,partial,32768,O2,1,2387000,10232363359773589504
branchless,partial,32768,O2,2,2666000,10232363359773589504
branchless,partial,32768,O2,3,2666000,10232363359773589504
branchless,partial,32768,O2,4,2660000,10232363359773589504
branchless,partial,32768,O2,5,2713000,10232363359773589504
branchless,partial,32768,O2,6,2518000,10232363359773589504
branchless,dupes,32768,O2,0,204411000,10232363362677546108
branchless,dupes,32768,O2,1,197653000,10232363362677546108
branchless,dupes,32768,O2,2,198763000,10232363362677546108
branchless,dupes,32768,O2,3,196687000,10232363362677546108
branchless,dupes,32768,O2,4,208457000,10232363362677546108
branchless,dupes,32768,O2,5,216850000,10232363362677546108
branchless,dupes,32768,O2,6,198269000,10232363362677546108
stdlib,random,32768,O2,0,3048000,10232363359849621189
stdlib,random,32768,O2,1,3078000,10232363359849621189
stdlib,random,32768,O2,2,3114000,10232363359849621189
stdlib,random,32768,O2,3,3088000,10232363359849621189
stdlib,random,32768,O2,4,3319000,10232363359849621189
stdlib,random,32768,O2,5,3175000,10232363359849621189
stdlib,random,32768,O2,6,3071000,10232363359849621189
stdlib,sorted,32768,O2,0,187000,10232363359773589504
stdlib,sorted,32768,O2,1,186000,10232363359773589504
stdlib,sorted,32768,O2,2,186000,10232363359773589504
stdlib,sorted,32768,O2,3,186000,10232363359773589504
stdlib,sorted,32768,O2,4,185000,10232363359773589504
stdlib,sorted,32768,O2,5,186000,10232363359773589504
stdlib,sorted,32768,O2,6,186000,10232363359773589504
stdlib,reverse,32768,O2,0,5426000,10232363359773589504
stdlib,reverse,32768,O2,1,733000,10232363359773589504
stdlib,reverse,32768,O2,2,756000,10232363359773589504
stdlib,reverse,32768,O2,3,749000,10232363359773589504
stdlib,reverse,32768,O2,4,751000,10232363359773589504
stdlib,reverse,32768,O2,5,750000,10232363359773589504
stdlib,reverse,32768,O2,6,745000,10232363359773589504
stdlib,partial,32768,O2,0,1324000,10232363359773589504
stdlib,partial,32768,O2,1,1309000,10232363359773589504
stdlib,partial,32768,O2,2,1308000,10232363359773589504
stdlib,partial,32768,O2,3,1307000,10232363359773589504
stdlib,partial,32768,O2,4,1305000,10232363359773589504
stdlib,partial,32768,O2,5,1306000,10232363359773589504
stdlib,partial,32768,O2,6,1309000,10232363359773589504
stdlib,dupes,32768,O2,0,571000,10232363362677546108
stdlib,dupes,32768,O2,1,573000,10232363362677546108
stdlib,dupes,32768,O2,2,568000,10232363362677546108
stdlib,dupes,32768,O2,3,566000,10232363362677546108
stdlib,dupes,32768,O2,4,567000,10232363362677546108
stdlib,dupes,32768,O2,5,567000,10232363362677546108
stdlib,dupes,32768,O2,6,567000,10232363362677546108
branchy,random,131072,O2,0,9987000,9221990434270192866
branchy,random,131072,O2,1,11733000,9221990434270192866
branchy,random,131072,O2,2,10337000,9221990434270192866
branchy,random,131072,O2,3,10530000,9221990434270192866
branchy,random,131072,O2,4,11338000,9221990434270192866
branchy,random,131072,O2,5,10681000,9221990434270192866
branchy,random,131072,O2,6,10322000,9221990434270192866
branchy,sorted,131072,O2,0,1942000,9221990435467821056
branchy,sorted,131072,O2,1,2221000,9221990435467821056
branchy,sorted,131072,O2,2,1956000,9221990435467821056
branchy,sorted,131072,O2,3,1788000,9221990435467821056
branchy,sorted,131072,O2,4,1744000,9221990435467821056
branchy,sorted,131072,O2,5,1742000,9221990435467821056
branchy,sorted,131072,O2,6,1744000,9221990435467821056
branchy,reverse,131072,O2,0,4501000,9221990435467821056
branchy,reverse,131072,O2,1,5207000,9221990435467821056
branchy,reverse,131072,O2,2,4567000,9221990435467821056
branchy,reverse,131072,O2,3,5023000,9221990435467821056
branchy,reverse,131072,O2,4,5094000,9221990435467821056
branchy,reverse,131072,O2,5,4878000,9221990435467821056
branchy,reverse,131072,O2,6,3948000,9221990435467821056
branchy,partial,131072,O2,0,5406000,9221990435467821056
branchy,partial,131072,O2,1,5664000,9221990435467821056
branchy,partial,131072,O2,2,5620000,9221990435467821056
branchy,partial,131072,O2,3,5405000,9221990435467821056
branchy,partial,131072,O2,4,5592000,9221990435467821056
branchy,partial,131072,O2,5,5267000,9221990435467821056
branchy,partial,131072,O2,6,5619000,9221990435467821056
branchless,random,131072,O2,0,10290000,9221990434270192866
branchless,random,131072,O2,1,10829000,9221990434270192866
branchless,random,131072,O2,2,11089000,9221990434270192866
branchless,random,131072,O2,3,11246000,9221990434270192866
branchless,random,131072,O2,4,10193000,9221990434270192866
branchless,random,131072,O2,5,10219000,9221990434270192866
branchless,random,131072,O2,6,11400000,9221990434270192866
branchless,sorted,131072,O2,0,16126000,9221990435467821056
branchless,sorted,131072,O2,1,17206000,9221990435467821056
branchless,sorted,131072,O2,2,39984000,9221990435467821056
branchless,sorted,131072,O2,3,22317000,9221990435467821056
branchless,sorted,131072,O2,4,16010000,9221990435467821056
branchless,sorted,131072,O2,5,15575000,9221990435467821056
branchless,sorted,131072,O2,6,15596000,9221990435467821056
branchless,reverse,131072,O2,0,13659000,9221990435467821056
branchless,reverse,131072,O2,1,12811000,9221990435467821056
branchless,reverse,131072,O2,2,13855000,9221990435467821056
branchless,reverse,131072,O2,3,13017000,9221990435467821056
branchless,reverse,131072,O2,4,13324000,9221990435467821056
branchless,reverse,131072,O2,5,13831000,9221990435467821056
branchless,reverse,131072,O2,6,12620000,9221990435467821056
branchless,partial,131072,O2,0,11971000,9221990435467821056
branchless,partial,131072,O2,1,10908000,9221990435467821056
branchless,partial,131072,O2,2,11584000,9221990435467821056
branchless,partial,131072,O2,3,10955000,9221990435467821056
branchless,partial,131072,O2,4,11167000,9221990435467821056
branchless,partial,131072,O2,5,11629000,9221990435467821056
branchless,partial,131072,O2,6,10965000,9221990435467821056
stdlib,random,131072,O2,0,14231000,9221990434270192866
stdlib,random,131072,O2,1,14768000,9221990434270192866
stdlib,random,131072,O2,2,15142000,9221990434270192866
stdlib,random,131072,O2,3,14904000,9221990434270192866
stdlib,random,131072,O2,4,15974000,9221990434270192866
stdlib,random,131072,O2,5,14133000,9221990434270192866
stdlib,random,131072,O2,6,15597000,9221990434270192866
stdlib,sorted,131072,O2,0,663000,9221990435467821056
stdlib,sorted,131072,O2,1,662000,9221990435467821056
stdlib,sorted,131072,O2,2,661000,9221990435467821056
stdlib,sorted,131072,O2,3,661000,9221990435467821056
stdlib,sorted,131072,O2,4,661000,9221990435467821056
stdlib,sorted,131072,O2,5,661000,9221990435467821056
stdlib,sorted,131072,O2,6,662000,9221990435467821056
stdlib,reverse,131072,O2,0,3452000,9221990435467821056
stdlib,reverse,131072,O2,1,3600000,9221990435467821056
stdlib,reverse,131072,O2,2,3329000,9221990435467821056
stdlib,reverse,131072,O2,3,3191000,9221990435467821056
stdlib,reverse,131072,O2,4,2967000,9221990435467821056
stdlib,reverse,131072,O2,5,3152000,9221990435467821056
stdlib,reverse,131072,O2,6,2948000,9221990435467821056
stdlib,partial,131072,O2,0,6025000,9221990435467821056
stdlib,partial,131072,O2,1,5892000,9221990435467821056
stdlib,partial,131072,O2,2,5885000,9221990435467821056
stdlib,partial,131072,O2,3,5443000,9221990435467821056
stdlib,partial,131072,O2,4,5488000,9221990435467821056
stdlib,partial,131072,O2,5,5729000,9221990435467821056
stdlib,partial,131072,O2,6,6190000,9221990435467821056
stdlib,dupes,131072,O2,0,2613000,9221990435138972364
stdlib,dupes,131072,O2,1,3257000,9221990435138972364
stdlib,dupes,131072,O2,2,2848000,9221990435138972364
stdlib,dupes,131072,O2,3,2576000,9221990435138972364
stdlib,dupes,131072,O2,4,3177000,9221990435138972364
stdlib,dupes,131072,O2,5,3212000,9221990435138972364
stdlib,dupes,131072,O2,6,2956000,9221990435138972364
branchy,random,524288,O2,0,50966000,11374535429127332882
branchy,random,524288,O2,1,45381000,11374535429127332882
branchy,random,524288,O2,2,44935000,11374535429127332882
branchy,random,524288,O2,3,46092000,11374535429127332882
branchy,random,524288,O2,4,45896000,11374535429127332882
branchy,random,524288,O2,5,46551000,11374535429127332882
branchy,random,524288,O2,6,46588000,11374535429127332882
branchy,sorted,524288,O2,0,9789000,11374535428205969408
branchy,sorted,524288,O2,1,8501000,11374535428205969408
branchy,sorted,524288,O2,2,8694000,11374535428205969408
branchy,sorted,524288,O2,3,8480000,11374535428205969408
branchy,sorted,524288,O2,4,8417000,11374535428205969408
branchy,sorted,524288,O2,5,7576000,11374535428205969408
branchy,sorted,524288,O2,6,8022000,11374535428205969408
branchy,reverse,524288,O2,0,19026000,11374535428205969408
branchy,reverse,524288,O2,1,20345000,11374535428205969408
branchy,reverse,524288,O2,2,18575000,11374535428205969408
branchy,reverse,524288,O2,3,22521000,11374535428205969408
branchy,reverse,524288,O2,4,18604000,11374535428205969408
branchy,reverse,524288,O2,5,20603000,11374535428205969408
branchy,reverse,524288,O2,6,18454000,11374535428205969408
branchy,partial,524288,O2,0,25043000,11374535428205969408
branchy,partial,524288,O2,1,23230000,11374535428205969408
branchy,partial,524288,O2,2,25519000,11374535428205969408
branchy,partial,524288,O2,3,23650000,11374535428205969408
branchy,partial,524288,O2,4,24102000,11374535428205969408
branchy,partial,524288,O2,5,24425000,11374535428205969408
branchy,partial,524288,O2,6,23449000,11374535428205969408
branchless,random,524288,O2,0,48822000,11374535429127332882
branchless,random,524288,O2,1,46367000,11374535429127332882
branchless,random,524288,O2,2,50299000,11374535429127332882
branchless,random,524288,O2,3,73496000,11374535429127332882
branchless,random,524288,O2,4,51874000,11374535429127332882
branchless,random,524288,O2,5,47395000,11374535429127332882
branchless,random,524288,O2,6,47099000,11374535429127332882
branchless,sorted,524288,O2,0,75075000,11374535428205969408
branchless,sorted,524288,O2,1,74385000,11374535428205969408
branchless,sorted,524288,O2,2,73066000,11374535428205969408
branchless,sorted,524288,O2,3,76061000,11374535428205969408
branchless,sorted,524288,O2,4,74706000,11374535428205969408
branchless,sorted,524288,O2,5,74571000,11374535428205969408
branchless,sorted,524288,O2,6,76452000,11374535428205969408
branchless,reverse,524288,O2,0,61016000,11374535428205969408
branchless,reverse,524288,O2,1,60642000,11374535428205969408
branchless,reverse,524288,O2,2,61381000,11374535428205969408
branchless,reverse,524288,O2,3,64501000,11374535428205969408
branchless,reverse,524288,O2,4,61413000,11374535428205969408
branchless,reverse,524288,O2,5,59423000,11374535428205969408
branchless,reverse,524288,O2,6,61173000,11374535428205969408
branchless,partial,524288,O2,0,53852000,11374535428205969408
branchless,partial,524288,O2,1,52465000,11374535428205969408
branchless,partial,524288,O2,2,54282000,11374535428205969408
branchless,partial,524288,O2,3,52575000,11374535428205969408
branchless,partial,524288,O2,4,54890000,11374535428205969408
branchless,partial,524288,O2,5,54617000,11374535428205969408
branchless,partial,524288,O2,6,53101000,11374535428205969408
stdlib,random,524288,O2,0,102109000,11374535429127332882
stdlib,random,524288,O2,1,70355000,11374535429127332882
stdlib,random,524288,O2,2,66888000,11374535429127332882
stdlib,random,524288,O2,3,66523000,11374535429127332882
stdlib,random,524288,O2,4,66675000,11374535429127332882
stdlib,random,524288,O2,5,65805000,11374535429127332882
stdlib,random,524288,O2,6,66226000,11374535429127332882
stdlib,sorted,524288,O2,0,2467000,11374535428205969408
stdlib,sorted,524288,O2,1,3189000,11374535428205969408
stdlib,sorted,524288,O2,2,3878000,11374535428205969408
stdlib,sorted,524288,O2,3,4020000,11374535428205969408
stdlib,sorted,524288,O2,4,2885000,11374535428205969408
stdlib,sorted,524288,O2,5,2633000,11374535428205969408
stdlib,sorted,524288,O2,6,3194000,11374535428205969408
stdlib,reverse,524288,O2,0,13094000,11374535428205969408
stdlib,reverse,524288,O2,1,13865000,11374535428205969408
stdlib,reverse,524288,O2,2,13362000,11374535428205969408
stdlib,reverse,524288,O2,3,13672000,11374535428205969408
stdlib,reverse,524288,O2,4,12151000,11374535428205969408
stdlib,reverse,524288,O2,5,13554000,11374535428205969408
stdlib,reverse,524288,O2,6,13225000,11374535428205969408
stdlib,partial,524288,O2,0,25603000,11374535428205969408
stdlib,partial,524288,O2,1,25485000,11374535428205969408
stdlib,partial,524288,O2,2,24507000,11374535428205969408
stdlib,partial,524288,O2,3,24689000,11374535428205969408
stdlib,partial,524288,O2,4,25350000,11374535428205969408
stdlib,partial,524288,O2,5,25210000,11374535428205969408
stdlib,partial,524288,O2,6,24991000,11374535428205969408
stdlib,dupes,524288,O2,0,10377000,11374535431796027603
stdlib,dupes,524288,O2,1,11006000,11374535431796027603
stdlib,dupes,524288,O2,2,10831000,11374535431796027603
stdlib,dupes,524288,O2,3,10029000,11374535431796027603
stdlib,dupes,524288,O2,4,10607000,11374535431796027603
stdlib,dupes,524288,O2,5,10143000,11374535431796027603
stdlib,dupes,524288,O2,6,10559000,11374535431796027603
branchy,random,2097152,O2,0,204033000,4843308375769376372
branchy,random,2097152,O2,1,207920000,4843308375769376372
branchy,random,2097152,O2,2,244795000,4843308375769376372
branchy,random,2097152,O2,3,205151000,4843308375769376372
branchy,random,2097152,O2,4,205737000,4843308375769376372
branchy,random,2097152,O2,5,203023000,4843308375769376372
branchy,random,2097152,O2,6,208358000,4843308375769376372
branchy,sorted,2097152,O2,0,39593000,4843308376303599616
branchy,sorted,2097152,O2,1,36039000,4843308376303599616
branchy,sorted,2097152,O2,2,37045000,4843308376303599616
branchy,sorted,2097152,O2,3,36540000,4843308376303599616
branchy,sorted,2097152,O2,4,37358000,4843308376303599616
branchy,sorted,2097152,O2,5,37159000,4843308376303599616
branchy,sorted,2097152,O2,6,36194000,4843308376303599616
branchy,reverse,2097152,O2,0,90355000,4843308376303599616
branchy,reverse,2097152,O2,1,134500000,4843308376303599616
branchy,reverse,2097152,O2,2,90202000,4843308376303599616
branchy,reverse,2097152,O2,3,93810000,4843308376303599616
branchy,reverse,2097152,O2,4,97166000,4843308376303599616
branchy,reverse,2097152,O2,5,95123000,4843308376303599616
branchy,reverse,2097152,O2,6,95287000,4843308376303599616
branchy,partial,2097152,O2,0,109904000,4843308376303599616
branchy,partial,2097152,O2,1,107803000,4843308376303599616
branchy,partial,2097152,O2,2,109494000,4843308376303599616
branchy,partial,2097152,O2,3,108441000,4843308376303599616
branchy,partial,2097152,O2,4,107140000,4843308376303599616
branchy,partial,2097152,O2,5,108352000,4843308376303599616
branchy,partial,2097152,O2,6,108962000,4843308376303599616
branchless,random,2097152,O2,0,246724000,4843308375769376372
branchless,random,2097152,O2,1,214313000,4843308375769376372
branchless,random,2097152,O2,2,214950000,4843308375769376372
branchless,random,2097152,O2,3,219763000,4843308375769376372
branchless,random,2097152,O2,4,214068000,4843308375769376372
branchless,random,2097152,O2,5,213480000,4843308375769376372
branchless,random,2097152,O2,6,215870000,4843308375769376372
branchless,sorted,2097152,O2,0,341045000,4843308376303599616
branchless,sorted,2097152,O2,1,337148000,4843308376303599616
branchless,sorted,2097152,O2,2,338003000,4843308376303599616
branchless,sorted,2097152,O2,3,335223000,4843308376303599616
branchless,sorted,2097152,O2,4,380213000,4843308376303599616
branchless,sorted,2097152,O2,5,338966000,4843308376303599616
branchless,sorted,2097152,O2,6,335116000,4843308376303599616
branchless,reverse,2097152,O2,0,267266000,4843308376303599616
branchless,reverse,2097152,O2,1,271762000,4843308376303599616
branchless,reverse,2097152,O2,2,283788000,4843308376303599616
branchless,reverse,2097152,O2,3,284613000,4843308376303599616
branchless,reverse,2097152,O2,4,274815000,4843308376303599616
branchless,reverse,2097152,O2,5,271263000,4843308376303599616
branchless,reverse,2097152,O2,6,271587000,4843308376303599616
branchless,partial,2097152,O2,0,268922000,4843308376303599616
branchless,partial,2097152,O2,1,223753000,4843308376303599616
branchless,partial,2097152,O2,2,226124000,4843308376303599616
branchless,partial,2097152,O2,3,221300000,4843308376303599616
branchless,partial,2097152,O2,4,222038000,4843308376303599616
branchless,partial,2097152,O2,5,222107000,4843308376303599616
branchless,partial,2097152,O2,6,226488000,4843308376303599616
stdlib,random,2097152,O2,0,281009000,4843308375769376372
stdlib,random,2097152,O2,1,282375000,4843308375769376372
stdlib,random,2097152,O2,2,284428000,4843308375769376372
stdlib,random,2097152,O2,3,277243000,4843308375769376372
stdlib,random,2097152,O2,4,281833000,4843308375769376372
stdlib,random,2097152,O2,5,280954000,4843308375769376372
stdlib,random,2097152,O2,6,287453000,4843308375769376372
stdlib,sorted,2097152,O2,0,11084000,4843308376303599616
stdlib,sorted,2097152,O2,1,11681000,4843308376303599616
stdlib,sorted,2097152,O2,2,10629000,4843308376303599616
stdlib,sorted,2097152,O2,3,10411000,4843308376303599616
stdlib,sorted,2097152,O2,4,10464000,4843308376303599616
stdlib,sorted,2097152,O2,5,11493000,4843308376303599616
stdlib,sorted,2097152,O2,6,10472000,4843308376303599616
stdlib,reverse,2097152,O2,0,46407000,4843308376303599616
stdlib,reverse,2097152,O2,1,48217000,4843308376303599616
stdlib,reverse,2097152,O2,2,48761000,4843308376303599616
stdlib,reverse,2097152,O2,3,48312000,4843308376303599616
stdlib,reverse,2097152,O2,4,48978000,4843308376303599616
stdlib,reverse,2097152,O2,5,51606000,4843308376303599616
stdlib,reverse,2097152,O2,6,48304000,4843308376303599616
stdlib,partial,2097152,O2,0,106620000,4843308376303599616
stdlib,partial,2097152,O2,1,106190000,4843308376303599616
stdlib,partial,2097152,O2,2,105738000,4843308376303599616
stdlib,partial,2097152,O2,3,104833000,4843308376303599616
stdlib,partial,2097152,O2,4,105884000,4843308376303599616
stdlib,partial,2097152,O2,5,104332000,4843308376303599616
stdlib,partial,2097152,O2,6,104467000,4843308376303599616
stdlib,dupes,2097152,O2,0,40758000,4843308376964112207
stdlib,dupes,2097152,O2,1,41542000,4843308376964112207
stdlib,dupes,2097152,O2,2,38698000,4843308376964112207
stdlib,dupes,2097152,O2,3,40575000,4843308376964112207
stdlib,dupes,2097152,O2,4,38917000,4843308376964112207
stdlib,dupes,2097152,O2,5,39010000,4843308376964112207
stdlib,dupes,2097152,O2,6,38901000,4843308376964112207
branchy,random,8388608,O2,0,850716000,8203815107406634294
branchy,random,8388608,O2,1,880419000,8203815107406634294
branchy,random,8388608,O2,2,887061000,8203815107406634294
branchy,random,8388608,O2,3,863722000,8203815107406634294
branchy,random,8388608,O2,4,829755000,8203815107406634294
branchy,random,8388608,O2,5,837018000,8203815107406634294
branchy,random,8388608,O2,6,838135000,8203815107406634294
branchy,sorted,8388608,O2,0,144140000,8203815105041793024
branchy,sorted,8388608,O2,1,141989000,8203815105041793024
branchy,sorted,8388608,O2,2,144142000,8203815105041793024
branchy,sorted,8388608,O2,3,147791000,8203815105041793024
branchy,sorted,8388608,O2,4,144874000,8203815105041793024
branchy,sorted,8388608,O2,5,142951000,8203815105041793024
branchy,sorted,8388608,O2,6,146917000,8203815105041793024
branchy,reverse,8388608,O2,0,365420000,8203815105041793024
branchy,reverse,8388608,O2,1,364578000,8203815105041793024
branchy,reverse,8388608,O2,2,376476000,8203815105041793024
branchy,reverse,8388608,O2,3,365233000,8203815105041793024
branchy,reverse,8388608,O2,4,365509000,8203815105041793024
branchy,reverse,8388608,O2,5,373811000,8203815105041793024
branchy,reverse,8388608,O2,6,374236000,8203815105041793024
branchy,partial,8388608,O2,0,445665000,8203815105041793024
branchy,partial,8388608,O2,1,543550000,8203815105041793024
branchy,partial,8388608,O2,2,481975000,8203815105041793024
branchy,partial,8388608,O2,3,442709000,8203815105041793024
branchy,partial,8388608,O2,4,433636000,8203815105041793024
branchy,partial,8388608,O2,5,434646000,8203815105041793024
branchy,partial,8388608,O2,6,428328000,8203815105041793024
branchless,random,8388608,O2,0,853567000,8203815107406634294
branchless,random,8388608,O2,1,844358000,8203815107406634294
branchless,random,8388608,O2,2,843830000,8203815107406634294
branchless,random,8388608,O2,3,841337000,8203815107406634294
branchless,random,8388608,O2,4,852796000,8203815107406634294
branchless,random,8388608,O2,5,846119000,8203815107406634294
branchless,random,8388608,O2,6,851785000,8203815107406634294
branchless,sorted,8388608,O2,0,1364189000,8203815105041793024
branchless,sorted,8388608,O2,1,1362250000,8203815105041793024
branchless,sorted,8388608,O2,2,1365664000,8203815105041793024
branchless,sorted,8388608,O2,3,1447852000,8203815105041793024
branchless,sorted,8388608,O2,4,1373296000,8203815105041793024
branchless,sorted,8388608,O2,5,1430419000,8203815105041793024
branchless,sorted,8388608,O2,6,1370962000,8203815105041793024
branchless,reverse,8388608,O2,0,1098597000,8203815105041793024
branchless,reverse,8388608,O2,1,1104531000,8203815105041793024
branchless,reverse,8388608,O2,2,1083497000,8203815105041793024
branchless,reverse,8388608,O2,3,1083520000,8203815105041793024
branchless,reverse,8388608,O2,4,1084573000,8203815105041793024
branchless,reverse,8388608,O2,5,1076488000,8203815105041793024
branchless,reverse,8388608,O2,6,1076707000,8203815105041793024
branchless,partial,8388608,O2,0,939108000,8203815105041793024
branchless,partial,8388608,O2,1,931048000,8203815105041793024
branchless,partial,8388608,O2,2,936220000,8203815105041793024
branchless,partial,8388608,O2,3,935867000,8203815105041793024
branchless,partial,8388608,O2,4,928086000,8203815105041793024
branchless,partial,8388608,O2,5,931037000,8203815105041793024
branchless,partial,8388608,O2,6,948743000,8203815105041793024
stdlib,random,8388608,O2,0,1130183000,8203815107406634294
stdlib,random,8388608,O2,1,1141456000,8203815107406634294
stdlib,random,8388608,O2,2,1149569000,8203815107406634294
stdlib,random,8388608,O2,3,1117973000,8203815107406634294
stdlib,random,8388608,O2,4,1121608000,8203815107406634294
stdlib,random,8388608,O2,5,1117216000,8203815107406634294
stdlib,random,8388608,O2,6,1113518000,8203815107406634294
stdlib,sorted,8388608,O2,0,41540000,8203815105041793024
stdlib,sorted,8388608,O2,1,40723000,8203815105041793024
stdlib,sorted,8388608,O2,2,39695000,8203815105041793024
stdlib,sorted,8388608,O2,3,40235000,8203815105041793024
stdlib,sorted,8388608,O2,4,39482000,8203815105041793024
stdlib,sorted,8388608,O2,5,40119000,8203815105041793024
stdlib,sorted,8388608,O2,6,40061000,8203815105041793024
stdlib,reverse,8388608,O2,0,182940000,8203815105041793024
stdlib,reverse,8388608,O2,1,179117000,8203815105041793024
stdlib,reverse,8388608,O2,2,179107000,8203815105041793024
stdlib,reverse,8388608,O2,3,180042000,8203815105041793024
stdlib,reverse,8388608,O2,4,179048000,8203815105041793024
stdlib,reverse,8388608,O2,5,178232000,8203815105041793024
stdlib,reverse,8388608,O2,6,180079000,8203815105041793024
stdlib,partial,8388608,O2,0,434862000,8203815105041793024
stdlib,partial,8388608,O2,1,435860000,8203815105041793024
stdlib,partial,8388608,O2,2,440021000,8203815105041793024
stdlib,partial,8388608,O2,3,435435000,8203815105041793024
stdlib,partial,8388608,O2,4,435712000,8203815105041793024
stdlib,partial,8388608,O2,5,432824000,8203815105041793024
stdlib,partial,8388608,O2,6,437154000,8203815105041793024
stdlib,dupes,8388608,O2,0,144152000,8203815106863092707
stdlib,dupes,8388608,O2,1,141834000,8203815106863092707
stdlib,dupes,8388608,O2,2,141288000,8203815106863092707
stdlib,dupes,8388608,O2,3,140769000,8203815106863092707
stdlib,dupes,8388608,O2,4,143550000,8203815106863092707
stdlib,dupes,8388608,O2,5,140092000,8203815106863092707
stdlib,dupes,8388608,O2,6,140546000,8203815106863092707
branchy,random,33554432,O2,0,3436451000,17819561984734393464
branchy,random,33554432,O2,1,3397929000,17819561984734393464
branchy,random,33554432,O2,2,3461568000,17819561984734393464
branchy,random,33554432,O2,3,3484178000,17819561984734393464
branchy,random,33554432,O2,4,3395215000,17819561984734393464
branchy,random,33554432,O2,5,3387682000,17819561984734393464
branchy,random,33554432,O2,6,3695801000,17819561984734393464
branchy,sorted,33554432,O2,0,595031000,17819561983708495872
branchy,sorted,33554432,O2,1,598839000,17819561983708495872
branchy,sorted,33554432,O2,2,600855000,17819561983708495872
branchy,sorted,33554432,O2,3,597006000,17819561983708495872
branchy,sorted,33554432,O2,4,595502000,17819561983708495872
branchy,sorted,33554432,O2,5,595416000,17819561983708495872
branchy,sorted,33554432,O2,6,591301000,17819561983708495872
branchy,reverse,33554432,O2,0,1531868000,17819561983708495872
branchy,reverse,33554432,O2,1,1531454000,17819561983708495872
branchy,reverse,33554432,O2,2,1534063000,17819561983708495872
branchy,reverse,33554432,O2,3,1525269000,17819561983708495872
branchy,reverse,33554432,O2,4,1524060000,17819561983708495872
branchy,reverse,33554432,O2,5,1550269000,17819561983708495872
branchy,reverse,33554432,O2,6,1521850000,17819561983708495872
branchy,partial,33554432,O2,0,1757397000,17819561983708495872
branchy,partial,33554432,O2,1,1748768000,17819561983708495872
branchy,partial,33554432,O2,2,1754431000,17819561983708495872
branchy,partial,33554432,O2,3,1750896000,17819561983708495872
branchy,partial,33554432,O2,4,1762523000,17819561983708495872
branchy,partial,33554432,O2,5,1752189000,17819561983708495872
branchy,partial,33554432,O2,6,1750671000,17819561983708495872
branchless,random,33554432,O2,0,3513988000,17819561984734393464
branchless,random,33554432,O2,1,3503271000,17819561984734393464
branchless,random,33554432,O2,2,3475837000,17819561984734393464
branchless,random,33554432,O2,3,3514858000,17819561984734393464
branchless,random,33554432,O2,4,3486783000,17819561984734393464
branchless,random,33554432,O2,5,3469589000,17819561984734393464
branchless,random,33554432,O2,6,3669608000,17819561984734393464
branchless,sorted,33554432,O2,0,5872658000,17819561983708495872
branchless,sorted,33554432,O2,1,5733319000,17819561983708495872
branchless,sorted,33554432,O2,2,5791433000,17819561983708495872
branchless,sorted,33554432,O2,3,5837910000,17819561983708495872
branchless,sorted,33554432,O2,4,5769912000,17819561983708495872
branchless,sorted,33554432,O2,5,5757214000,17819561983708495872
branchless,sorted,33554432,O2,6,5743725000,17819561983708495872
branchless,reverse,33554432,O2,0,4557542000,17819561983708495872
branchless,reverse,33554432,O2,1,4551203000,17819561983708495872
branchless,reverse,33554432,O2,2,4793966000,17819561983708495872
branchless,reverse,33554432,O2,3,4613690000,17819561983708495872
branchless,reverse,33554432,O2,4,4603919000,17819561983708495872
branchless,reverse,33554432,O2,5,4595652000,17819561983708495872
branchless,reverse,33554432,O2,6,4531649000,17819561983708495872
branchless,partial,33554432,O2,0,3831740000,17819561983708495872
branchless,partial,33554432,O2,1,3802032000,17819561983708495872
branchless,partial,33554432,O2,2,3811036000,17819561983708495872
branchless,partial,33554432,O2,3,3814324000,17819561983708495872
branchless,partial,33554432,O2,4,3917259000,17819561983708495872
branchless,partial,33554432,O2,5,3904790000,17819561983708495872
branchless,partial,33554432,O2,6,3851104000,17819561983708495872
stdlib,random,33554432,O2,0,4800942000,17819561984734393464
stdlib,random,33554432,O2,1,4787415000,17819561984734393464
stdlib,random,33554432,O2,2,4787265000,17819561984734393464
stdlib,random,33554432,O2,3,4868103000,17819561984734393464
stdlib,random,33554432,O2,4,4888474000,17819561984734393464
stdlib,random,33554432,O2,5,4788305000,17819561984734393464
stdlib,random,33554432,O2,6,4802540000,17819561984734393464
stdlib,sorted,33554432,O2,0,158964000,17819561983708495872
stdlib,sorted,33554432,O2,1,159348000,17819561983708495872
stdlib,sorted,33554432,O2,2,159743000,17819561983708495872
stdlib,sorted,33554432,O2,3,163053000,17819561983708495872
stdlib,sorted,33554432,O2,4,161198000,17819561983708495872
stdlib,sorted,33554432,O2,5,160738000,17819561983708495872
stdlib,sorted,33554432,O2,6,161257000,17819561983708495872
stdlib,reverse,33554432,O2,0,726250000,17819561983708495872
stdlib,reverse,33554432,O2,1,720561000,17819561983708495872
stdlib,reverse,33554432,O2,2,723138000,17819561983708495872
stdlib,reverse,33554432,O2,3,728542000,17819561983708495872
stdlib,reverse,33554432,O2,4,723372000,17819561983708495872
stdlib,reverse,33554432,O2,5,720858000,17819561983708495872
stdlib,reverse,33554432,O2,6,723583000,17819561983708495872
stdlib,partial,33554432,O2,0,1958634000,17819561983708495872
stdlib,partial,33554432,O2,1,1936515000,17819561983708495872
stdlib,partial,33554432,O2,2,1923715000,17819561983708495872
stdlib,partial,33554432,O2,3,1943219000,17819561983708495872
stdlib,partial,33554432,O2,4,1915756000,17819561983708495872
stdlib,partial,33554432,O2,5,1920087000,17819561983708495872
stdlib,partial,33554432,O2,6,1992870000,17819561983708495872
stdlib,dupes,33554432,O2,0,621738000,17819561986483464029
stdlib,dupes,33554432,O2,1,622579000,17819561986483464029
stdlib,dupes,33554432,O2,2,620496000,17819561986483464029
stdlib,dupes,33554432,O2,3,619436000,17819561986483464029
stdlib,dupes,33554432,O2,4,616200000,17819561986483464029
stdlib,dupes,33554432,O2,5,621948000,17819561986483464029
stdlib,dupes,33554432,O2,6,623132000,17819561986483464029
branchy,random,67108864,O2,0,7843077000,5343899736118569405
branchy,random,67108864,O2,1,7350624000,5343899736118569405
branchy,random,67108864,O2,2,7329252000,5343899736118569405
branchy,random,67108864,O2,3,7355280000,5343899736118569405
branchy,random,67108864,O2,4,7385880000,5343899736118569405
branchy,random,67108864,O2,5,7311647000,5343899736118569405
branchy,random,67108864,O2,6,7423346000,5343899736118569405
branchy,sorted,67108864,O2,0,1255959000,5343899735604330496
branchy,sorted,67108864,O2,1,1308982000,5343899735604330496
branchy,sorted,67108864,O2,2,1263723000,5343899735604330496
branchy,sorted,67108864,O2,3,1270131000,5343899735604330496
branchy,sorted,67108864,O2,4,1260998000,5343899735604330496
branchy,sorted,67108864,O2,5,1300411000,5343899735604330496
branchy,sorted,67108864,O2,6,1293540000,5343899735604330496
branchy,reverse,67108864,O2,0,3292390000,5343899735604330496
branchy,reverse,67108864,O2,1,3289423000,5343899735604330496
branchy,reverse,67108864,O2,2,3300893000,5343899735604330496
branchy,reverse,67108864,O2,3,3303962000,5343899735604330496
branchy,reverse,67108864,O2,4,3331860000,5343899735604330496
branchy,reverse,67108864,O2,5,3371669000,5343899735604330496
branchy,reverse,67108864,O2,6,3522130000,5343899735604330496
branchy,partial,67108864,O2,0,3812142000,5343899735604330496
branchy,partial,67108864,O2,1,3838029000,5343899735604330496
branchy,partial,67108864,O2,2,3753432000,5343899735604330496
branchy,partial,67108864,O2,3,3730673000,5343899735604330496
branchy,partial,67108864,O2,4,3746588000,5343899735604330496
branchy,partial,67108864,O2,5,3846132000,5343899735604330496
branchy,partial,67108864,O2,6,3792064000,5343899735604330496
branchless,random,67108864,O2,0,7586688000,5343899736118569405
branchless,random,67108864,O2,1,7364281000,5343899736118569405
branchless,random,67108864,O2,2,7443043000,5343899736118569405
branchless,random,67108864,O2,3,7420271000,5343899736118569405
branchless,random,67108864,O2,4,7380035000,5343899736118569405
branchless,random,67108864,O2,5,7398801000,5343899736118569405
branchless,random,67108864,O2,6,7520047000,5343899736118569405
branchless,sorted,67108864,O2,0,12335273000,5343899735604330496
branchless,sorted,67108864,O2,1,13398935000,5343899735604330496
branchless,sorted,67108864,O2,2,13420843000,5343899735604330496
branchless,sorted,67108864,O2,3,14000281000,5343899735604330496
branchless,sorted,67108864,O2,4,13931897000,5343899735604330496
branchless,sorted,67108864,O2,5,14080481000,5343899735604330496
branchless,sorted,67108864,O2,6,14227746000,5343899735604330496
branchless,reverse,67108864,O2,0,11505625000,5343899735604330496
branchless,reverse,67108864,O2,1,11552331000,5343899735604330496
branchless,reverse,67108864,O2,2,11592701000,5343899735604330496
branchless,reverse,67108864,O2,3,11554825000,5343899735604330496
branchless,reverse,67108864,O2,4,11994151000,5343899735604330496
branchless,reverse,67108864,O2,5,12043464000,5343899735604330496
branchless,reverse,67108864,O2,6,11792773000,5343899735604330496
branchless,partial,67108864,O2,0,10309652000,5343899735604330496
branchless,partial,67108864,O2,1,11250928000,5343899735604330496
branchless,partial,67108864,O2,2,11208516000,5343899735604330496
branchless,partial,67108864,O2,3,10253630000,5343899735604330496
branchless,partial,67108864,O2,4,10937046000,5343899735604330496
branchless,partial,67108864,O2,5,10147854000,5343899735604330496
branchless,partial,67108864,O2,6,9750844000,5343899735604330496
stdlib,random,67108864,O2,0,10823954000,5343899736118569405
stdlib,random,67108864,O2,1,10677911000,5343899736118569405
stdlib,random,67108864,O2,2,10921269000,5343899736118569405
stdlib,random,67108864,O2,3,10802157000,5343899736118569405
stdlib,random,67108864,O2,4,10412099000,5343899736118569405
stdlib,random,67108864,O2,5,10339137000,5343899736118569405
stdlib,random,67108864,O2,6,10462254000,5343899736118569405
stdlib,sorted,67108864,O2,0,328782000,5343899735604330496
stdlib,sorted,67108864,O2,1,328350000,5343899735604330496
stdlib,sorted,67108864,O2,2,330325000,5343899735604330496
stdlib,sorted,67108864,O2,3,332917000,5343899735604330496
stdlib,sorted,67108864,O2,4,329452000,5343899735604330496
stdlib,sorted,67108864,O2,5,332169000,5343899735604330496
stdlib,sorted,67108864,O2,6,329614000,5343899735604330496
stdlib,reverse,67108864,O2,0,1472553000,5343899735604330496
stdlib,reverse,67108864,O2,1,1468270000,5343899735604330496
stdlib,reverse,67108864,O2,2,1475590000,5343899735604330496
stdlib,reverse,67108864,O2,3,1467240000,5343899735604330496
stdlib,reverse,67108864,O2,4,1467616000,5343899735604330496
stdlib,reverse,67108864,O2,5,1463457000,5343899735604330496
stdlib,reverse,67108864,O2,6,1472894000,5343899735604330496
stdlib,partial,67108864,O2,0,3938215000,5343899735604330496
stdlib,partial,67108864,O2,1,4197404000,5343899735604330496
stdlib,partial,67108864,O2,2,4025904000,5343899735604330496
stdlib,partial,67108864,O2,3,3942513000,5343899735604330496
stdlib,partial,67108864,O2,4,3995373000,5343899735604330496
stdlib,partial,67108864,O2,5,3955275000,5343899735604330496
stdlib,partial,67108864,O2,6,3916058000,5343899735604330496
stdlib,dupes,67108864,O2,0,1135042000,5343899736102845937
stdlib,dupes,67108864,O2,1,1144272000,5343899736102845937
stdlib,dupes,67108864,O2,2,1144331000,5343899736102845937
stdlib,dupes,67108864,O2,3,1140179000,5343899736102845937
stdlib,dupes,67108864,O2,4,1138894000,5343899736102845937
stdlib,dupes,67108864,O2,5,1142162000,5343899736102845937
stdlib,dupes,67108864,O2,6,1150157000,5343899736102845937
